example_id,reference_id,reference_label,reference_type
influenza,biggerstaff_2014_bmc_infect_dis,"Biggerstaff M, Cauchemez S, Reed C, Gambhir M, Finelli L. Estimates of the reproduction number for seasonal, pandemic, and zoonotic influenza: a systematic review of the literature. BMC Infect Dis. 2014;14:480. DOI: 10.1186/1471-2334-14-480.",default_R0_peer_reviewed
influenza,lessler_2009_lancet_infect_dis,"Lessler J, Reich NG, Brookmeyer R, Perl TM, Nelson KE, Cummings DAT. Incubation periods of acute respiratory viral infections: a systematic review. Lancet Infect Dis. 2009;9(5):291-300. DOI: 10.1016/S1473-3099(09)70069-6.",default_exposed_period_days_peer_reviewed
influenza,carrat_2008_am_j_epidemiol,"Carrat F, Vergu E, Ferguson NM, Lemaitre M, Cauchemez S, Leach S, Valleron AJ. Time lines of infection and disease in human influenza: a review of volunteer challenge studies. Am J Epidemiol. 2008;167(7):775-785. DOI: 10.1093/aje/kwm375.",default_infectious_period_days_peer_reviewed
influenza,iuliano_2018_lancet,"Iuliano AD, Roguski KM, Chang HH, et al. Estimates of global seasonal influenza-associated respiratory mortality: a modelling study. Lancet. 2018;391(10127):1285-1300. DOI: 10.1016/S0140-6736(17)33293-2.",default_mortality_percent_peer_reviewed
measles,guerra_2017_lancet_infect_dis,"Guerra FM, Bolotin S, Lim G, Heffernan J, Deeks SL, Li Y, Crowcroft NS. The basic reproduction number (R0) of measles: a systematic review. Lancet Infect Dis. 2017;17(12):e420-e428. DOI: 10.1016/S1473-3099(17)30307-9.",default_R0_peer_reviewed
measles,moss_2017_lancet,Moss WJ. Measles. Lancet. 2017;390(10111):2490-2502. DOI: 10.1016/S0140-6736(17)31463-0.,default_exposed_period_days_peer_reviewed
measles,moss_2017_lancet,Moss WJ. Measles. Lancet. 2017;390(10111):2490-2502. DOI: 10.1016/S0140-6736(17)31463-0.,default_infectious_period_days_peer_reviewed
measles,wolfson_2009_int_j_epidemiol,"Wolfson LJ, Grais RF, Luquero FJ, Birmingham ME, Strebel PM. Estimates of measles case fatality ratios: a comprehensive review of community-based studies. Int J Epidemiol. 2009;38(1):192-205. DOI: 10.1093/ije/dyn224.",default_mortality_percent_peer_reviewed
ebola,althaus_2014_plos_currents,Althaus CL. Estimating the reproduction number of Ebola virus during the 2014 outbreak in West Africa. PLoS Curr. 2014;6. DOI: 10.1371/currents.outbreaks.91afb5e0f279e7f29e7056095255b288.,default_R0_peer_reviewed
ebola,who_ebola_response_team_2014_nejm,WHO Ebola Response Team. Ebola virus disease in West Africa — the first 9 months of the epidemic and forward projections. N Engl J Med. 2014;371:1481-1495. DOI: 10.1056/NEJMoa1411100.,default_exposed_period_days_peer_reviewed
ebola,velasquez_2015_j_infect_dis,"Velásquez GE, Aibana O, Ling EJ, Diakite I, Mooring EQ, Murray MB. Time from infection to disease and infectiousness for Ebola virus disease, a systematic review. J Infect Dis. 2015;212(7):1135-1138. DOI: 10.1093/infdis/jiv192.",default_infectious_period_days_peer_reviewed
ebola,nyakarahuka_2016_bmc_infect_dis,"Nyakarahuka L, Kankya C, Krontveit R, Mayer B, Mwiine FN, Lutwama J, Skjerve E. How severe and prevalent are Ebola and Marburg viruses? A systematic review and meta-analysis of the case fatality rates and seroprevalence. BMC Infect Dis. 2016;16:708. DOI: 10.1186/s12879-016-2045-6.",default_mortality_percent_peer_reviewed
ebola,legrand_2007_epidemiol_infect,"Legrand J, Grais RF, Boelle PY, Valleron AJ, Flahault A. Understanding the dynamics of Ebola epidemics. Epidemiol Infect. 2007;135(4):610-621. DOI: 10.1017/S0950268806007217.",transmission_context_peer_reviewed
cholera,mukandavire_2011_pnas,"Mukandavire Z, Liao S, Wang J, Gaff H, Smith DL, Morris JG Jr. Estimating the reproductive numbers for the 2008–2009 cholera outbreaks in Zimbabwe. Proc Natl Acad Sci USA. 2011;108(21):8767-8772. DOI: 10.1073/pnas.1019712108.",default_R0_peer_reviewed
cholera,azman_2013_j_infect_dis,"Azman AS, Rudolph KE, Cummings DAT, Lessler J. The incubation period of cholera: a systematic review. J Infect Dis. 2013;208 Suppl 1:S43-S50. DOI: 10.1093/infdis/jis760.",default_exposed_period_days_peer_reviewed
cholera,weil_2014_plos_negl_trop_dis,"Weil AA, Khan AI, Chowdhury F, et al. Bacterial shedding in household contacts of cholera patients in Dhaka, Bangladesh. PLoS Negl Trop Dis. 2014;8(9):e3147. DOI: 10.1371/journal.pntd.0003147.",default_infectious_period_days_peer_reviewed
cholera,asantewaa_2024_microorganisms,"Asantewaa AA, et al. Cholera outbreaks in low- and middle-income countries: a systematic review and meta-analysis. Microorganisms. 2024;12(12):2504. DOI: 10.3390/microorganisms12122504.",default_mortality_percent_peer_reviewed
cholera,hartley_2006_plos_med,"Hartley DM, Morris JG Jr, Smith DL. Hyperinfectivity: a critical element in the ability of V. cholerae to cause epidemics? PLoS Med. 2006;3(1):e7. DOI: 10.1371/journal.pmed.0030007.",transmission_context_peer_reviewed
tuberculosis,ma_2018_epidemiol_infect,"Ma Y, Horsburgh CR Jr, White LF, Jenkins HE. Quantifying TB transmission: a systematic review of reproduction number and serial interval estimates for tuberculosis. Epidemiol Infect. 2018;146(12):1478-1494. DOI: 10.1017/S0950268818001760.",default_R0_peer_reviewed
tuberculosis,menzies_2018_epidemics,"Menzies NA, Wolf E, Connors D, et al. Progression from latent infection to active disease in dynamic tuberculosis transmission models: a systematic review of the validity of modelling assumptions. Epidemics. 2018;22:81-90. DOI: 10.1016/j.epidem.2017.12.005.",default_exposed_period_days_peer_reviewed
tuberculosis,tiemersma_2011_plos_one,"Tiemersma EW, van der Werf MJ, Borgdorff MW, Williams BG, Nagelkerke NJD. Natural history of tuberculosis: duration and fatality of untreated pulmonary tuberculosis in HIV negative patients: a systematic review. PLoS One. 2011;6(4):e17601. DOI: 10.1371/journal.pone.0017601.",default_infectious_period_days_peer_reviewed
tuberculosis,tiemersma_2011_plos_one,"Tiemersma EW, van der Werf MJ, Borgdorff MW, Williams BG, Nagelkerke NJD. Natural history of tuberculosis: duration and fatality of untreated pulmonary tuberculosis in HIV negative patients: a systematic review. PLoS One. 2011;6(4):e17601. DOI: 10.1371/journal.pone.0017601.",default_mortality_percent_peer_reviewed
measles,hubschen_2022_lancet,"Hübschen JM, Gouandjika-Vasilache I, Dina J. Measles. Lancet. 2022;399(10325):678-690. DOI: 10.1016/S0140-6736(21)02004-3.",default_infectious_period_days_peer_reviewed
influenza,filipe_2025_vaccine,"Filipe JAN, Wong CKH, van Leeuwen E, Goodfellow L, Procter SR, Jit M. A systematised review of seasonal influenza case-fatality risk. Vaccine. 2025;60 Suppl 2:128011. DOI: 10.1016/j.vaccine.2025.128011.",default_mortality_percent_peer_reviewed
cholera,phelps_2018_j_infect_dis,"Phelps M, Perner ML, Pitzer VE, Andreasen V, Jensen PKM, Simonsen L. Cholera epidemics of the past offer new insights into an old enemy. J Infect Dis. 2018;217(4):641-649. DOI: 10.1093/infdis/jix602.",default_R0_peer_reviewed
cholera,smirnova_2020_plos_ntd,"Smirnova A, deCamp L, Chowell G. Forecasting epidemics through nonparametric estimation of time-dependent transmission rates using the SEIR model: application to cholera. PLoS Negl Trop Dis. 2020;14(4):e0008045. DOI: 10.1371/journal.pntd.0008045.",default_R0_peer_reviewed
cholera,ebenezer_2025_bmc_public_health,"Ebenezer O, et al. Transmission potential and persistence of cholera outbreaks in African countries: a modelling study. BMC Public Health. 2025;25:4535. DOI: 10.1186/s12889-025-24507-0.",default_R0_peer_reviewed
